DisNo.,Historic,Classification Key,Disaster Group,Disaster Subgroup,Disaster Type,Disaster Subtype,External IDs,Event Name,ISO,Country,Subregion,Region,Location,Origin,Associated Types,OFDA/BHA Response,Appeal,Declaration,AID Contribution ('000 US$),Magnitude,Magnitude Scale,Latitude,Longitude,River Basin,Start Year,Start Month,Start Day,End Year,End Month,End Day,Total Deaths,No. Injured,No. Affected,No. Homeless,Total Affected,Reconstruction Costs ('000 US$),"Reconstruction Costs, Adjusted ('000 US$)",Insured Damage ('000 US$),"Insured Damage, Adjusted ('000 US$)",Total Damage ('000 US$),"Total Damage, Adjusted ('000 US$)",CPI,Admin Units,Entry Date,Last Update
1964-0102-VNM,Yes,nat-hyd-flo-flo,Natural,Hydrological,Flood,Flood (General),,,VNM,Viet Nam,South-eastern Asia,Asia,,,,No,No,No,,,Km2,,,,1964,12,,1964,12,,400,,,,,,,,,,,9.887713291,,2003-07-01,2023-09-25
1966-0070-VNM,Yes,nat-hyd-flo-riv,Natural,Hydrological,Flood,Riverine flood,,,VNM,Viet Nam,South-eastern Asia,Asia,Near Cambodia border,,,Yes,No,No,,,Km2,,,,1966,9,20,1966,9,20,31,,125541,70361,195902,,,,,10000,96644,10.34730224,,2003-07-01,2023-09-25
1970-0059-VNM,Yes,nat-hyd-flo-flo,Natural,Hydrological,Flood,Flood (General),,,VNM,Viet Nam,South-eastern Asia,Asia,North,,,No,No,No,,,Km2,,,,1970,10,26,1970,10,26,237,,204000,,204000,,,,,,,12.37691039,,2003-07-01,2023-09-25
1978-0105-VNM,Yes,nat-hyd-flo-riv,Natural,Hydrological,Flood,Riverine flood,,,VNM,Viet Nam,South-eastern Asia,Asia,Mekong Delta,,,No,No,No,,,Km2,,,,1978,8,,1978,8,,74,,4000000,79000,4079000,,,,,,,20.79554994,,2003-07-01,2023-09-25
1980-0106-VNM,Yes,nat-hyd-flo-flo,Natural,Hydrological,Flood,Flood (General),,,VNM,Viet Nam,South-eastern Asia,Asia,"Quang Nam Da Nang, Nghia Binh, Binh Tri Thien, Phu Khanh provinces (include Quang Ngai)",,,No,No,No,,,Km2,,,,1980,11,,1980,11,,94,,628000,,628000,,,,,,,26.27072272,,2003-07-01,2023-09-25
1984-0090-VNM,Yes,nat-hyd-flo-flo,Natural,Hydrological,Flood,Flood (General),,,VNM,Viet Nam,South-eastern Asia,Asia,Central  (include Quang Ngai),,,No,No,No,,,Km2,,,,1984,10,,1984,10,,33,,38000,,38000,,,,,,,33.11667587,,2003-07-01,2023-09-25
1985-0106-VNM,Yes,nat-hyd-flo-riv,Natural,Hydrological,Flood,Riverine flood,,,VNM,Viet Nam,South-eastern Asia,Asia,"Ha Nam Ninh, Thanh Hoa, Hai Hung, Ha Bac",,,No,No,No,,24680,Km2,,,,1985,9,7,1985,9,7,93,,2800000,,2800000,,,,,,,34.2908695,,2003-07-01,2023-09-25
1986-0139-VNM,Yes,nat-hyd-flo-riv,Natural,Hydrological,Flood,Riverine flood,,,VNM,Viet Nam,South-eastern Asia,Asia,Central  (include Quang Ngai),,,No,No,No,,,Km2,,,,1986,12,3,1986,12,3,165,,,,,,,,,,,34.94173347,,2003-07-01,2023-09-25
1990-0048-VNM,Yes,nat-hyd-flo-riv,Natural,Hydrological,Flood,Riverine flood,,,VNM,Viet Nam,South-eastern Asia,Asia,"Son La, Hoang Lien Son, Ha Tuyen, Binh Dinh, Dac Lac, Lai Chau, Muong Lay provinces",Heavy rain,,No,No,No,,13950,Km2,,,,1990,6,20,1990,7,8,82,200,10000,,10200,,,,,725,1741,41.65219605,,2006-07-19,2023-09-25
1991-0229-VNM,Yes,nat-hyd-flo-riv,Natural,Hydrological,Flood,Riverine flood,,,VNM,Viet Nam,South-eastern Asia,Asia,"An Giang, Long An, Dong Thap, Kien Giang provinces",,,No,No,No,,1000,Km2,,,,1991,8,,1991,8,,21,,270000,600,270600,,,,,5000,11516,43.41615747,,2007-08-08,2023-09-25
1991-0315-VNM,Yes,nat-hyd-flo-riv,Natural,Hydrological,Flood,Riverine flood,,,VNM,Viet Nam,South-eastern Asia,Asia,"Son La, Lai Chau provinces",Monsoonal rain,Broken Dam/Burst bank,No,No,No,,30960,Km2,,,,1991,7,28,1991,7,31,38,14,4000,,4014,,,,,3200,7371,43.41615747,,2006-07-18,2023-09-25
1991-0538-VNM,Yes,nat-hyd-flo-riv,Natural,Hydrological,Flood,Riverine flood,,,VNM,Viet Nam,South-eastern Asia,Asia,"An Giang, Dong Thap, Long An, Tien Giang, Kien Giang provinces (Mekong Delta)",Heavy rain,,No,No,No,,,Km2,,,Mekong river,1991,9,19,1991,9,25,136,,21000,,21000,,,,,38500,88677,43.41615747,,2006-01-08,2023-09-25
1992-0144-VNM,Yes,nat-hyd-flo-riv,Natural,Hydrological,Flood,Riverine flood,,,VNM,Viet Nam,South-eastern Asia,Asia,"Nghe An, Ha Tinh, Quang Binh, Quang Tri, Thua Thien-Hue, Quang Nam-Da Nang provinces",Heavy rain,,Yes,No,No,,569,Km2,,,,1992,10,5,1992,10,9,55,10,44109,7579,51698,,,,,47700,106637,44.73115338,,2005-11-21,2023-09-25
1992-0145-VNM,Yes,nat-hyd-flo-coa,Natural,Hydrological,Flood,Coastal flood,,,VNM,Viet Nam,South-eastern Asia,Asia,"Quang Binh, Quang Tri provinces",Tropical cyclone,,No,No,No,,,Km2,,,,1992,10,28,1992,10,31,1,,58000,,58000,,,,,,,44.73115338,,2005-11-21,2023-09-25
1993-0213-VNM,Yes,nat-hyd-flo-fla,Natural,Hydrological,Flood,Flash flood,,,VNM,Viet Nam,South-eastern Asia,Asia,"Phu Yen, Lam Dong, Quang Tri, Da Nang, Khanh Hoa, Binh Dinh, Darlac and Binh Thuan provinces",Brief torrential rain,,No,No,No,,29440,Km2,,,"Phan Thiet, Muong Man River",1993,10,2,1993,10,12,64,,15000,,15000,,,,,10000,21715,46.05146103,,2005-11-18,2023-09-25
1994-0341-VNM,Yes,nat-hyd-flo-riv,Natural,Hydrological,Flood,Riverine flood,,,VNM,Viet Nam,South-eastern Asia,Asia,"Dong Thap, An Giang, Long An, Tien Giang, Kien Giang, Can Tho, Nghe An, Thanh Hoa provinces",Monsoonal rain,,Yes,No,No,920,65260,Km2,,,Mekong,1994,9,4,1994,12,18,310,,382000,,382000,,,,,206000,435958,47.25222839,,2006-07-12,2023-09-25
1995-0236-VNM,Yes,nat-hyd-flo-riv,Natural,Hydrological,Flood,Riverine flood,,,VNM,Viet Nam,South-eastern Asia,Asia,"Quang Binh, Quang Tri, Kegalle, Da Nang, Dong Thap, Dong Thap, Kien Gang, An Giang, Tien Giang, Vinh Long, Can Tho provinces",Heavy rain,,Yes,No,No,,123000,Km2,,,"Mekong, Perfume",1995,9,21,1995,10,19,253,,400000,,400000,,,,,86000,177035,48.57784776,,2006-07-11,2023-09-25
1996-0248-VNM,Yes,nat-hyd-flo-riv,Natural,Hydrological,Flood,Riverine flood,,,VNM,Viet Nam,South-eastern Asia,Asia,"An Giang, Dong Thap, Tay Minh, Long An, Tien Giang, Kien Giang, Can Tho, Vinh Long provinces",Heavy rain,,Yes,No,No,,22610,Km2,,,Mekong,1996,10,1,1996,11,13,162,,375000,,375000,,,,,138000,275990,50.00176806,,2007-08-27,2023-09-25
1996-0447-VNM,Yes,nat-hyd-flo-flo,Natural,Hydrological,Flood,Flood (General),,,VNM,Viet Nam,South-eastern Asia,Asia,"Thua Thien-Hue, Quang Nam-Da Nang, Quang Tri, Quang Ngai, Binh Dinh, Kon Tum",,,No,No,No,,,Km2,,,,1996,9,14,1996,9,19,60,,,,,,,,,13400,26799,50.00176806,,2006-07-11,2023-09-25
1998-0316-VNM,Yes,nat-hyd-flo-riv,Natural,Hydrological,Flood,Riverine flood,,,VNM,Viet Nam,South-eastern Asia,Asia,"Khan Hoa, Binh Dinh, Quang Ngai, Phu Yen, Ninh Thuan",Heavy rain,,No,No,No,,110,Km2,,,,1998,10,16,1998,10,23,45,5,31030,1470,32505,,,,,13700,26364,51.9649683,,2005-10-27,2023-09-25
1999-0244-VNM,Yes,nat-hyd-flo-fla,Natural,Hydrological,Flood,Flash flood,,,VNM,Viet Nam,South-eastern Asia,Asia,"Binh Thuan, Lam Dong, Dac Lac and Dong Nai",Brief torrential rain,"Slide (land, mud, snow, rock)",Yes,No,No,25,500,Km2,,,,1999,7,24,1999,8,5,40,,106885,8290,115175,,,,,19500,36722,53.10197229,,2007-05-07,2023-09-25
1999-0428-VNM,Yes,nat-hyd-flo-coa,Natural,Hydrological,Flood,Coastal flood,,,VNM,Viet Nam,South-eastern Asia,Asia,"Da Nang, Quang Nam, Thanh Hoa, Nghe An, Ha Tinh, Quang Binh, Quang Tri, Thua Thien Hue, Quang Ngai, Binh Dinh",Tropical cyclone,,Yes,No,No,5748,947,Km2,,,,1999,10,25,1999,11,9,622,412,3414000,90000,3504412,,,,,237000,446311,53.10197229,,2005-10-26,2023-09-25
1999-0574-VNM,Yes,nat-hyd-flo-riv,Natural,Hydrological,Flood,Riverine flood,,,VNM,Viet Nam,South-eastern Asia,Asia,"Thua Thien Hue, Khanh Hoa, Phu Yen, Binh Dinh, Quang Ngai, Quang Nam, Danang and Khanh Hoa.",Heavy rain,,Yes,No,No,1864,288,Km2,,,Thu Hong,1999,12,2,1999,12,10,127,164,2118265,45265,2163694,,,,,53000,99808,53.10197229,,2005-10-26,2023-09-25
2000-0408-VNM,No,nat-hyd-flo-riv,Natural,Hydrological,Flood,Riverine flood,,,VNM,Viet Nam,South-eastern Asia,Asia,"Long An, Dong Thap, An Giang, Kien Giang, Can Tho city, Vinh Long, Tien Giang provinces",,,Yes,No,No,9402,1400,Km2,,,,2000,7,,2000,11,,460,4,5000000,,5000004,,,,,250000,455414,54.89515197,"[{""adm1_code"":3326,""adm1_name"":""An Giang""},{""adm1_code"":3343,""adm1_name"":""Dong Thap""},{""adm1_code"":3356,""adm1_name"":""Kien Giang""},{""adm1_code"":3362,""adm1_name"":""Long An""},{""adm1_code"":3384,""adm1_name"":""Tien Giang""},{""adm1_code"":3388,""adm1_name"":""Vinh Long""},{""adm1_code"":73933,""adm1_name"":""Can Tho city""}]",2006-09-17,2023-09-25
2000-0748-VNM,No,nat-hyd-flo-riv,Natural,Hydrological,Flood,Riverine flood,,,VNM,Viet Nam,South-eastern Asia,Asia,"Quang Nam, Khanh Hoa, Phu Yen, Ninh Thuan, Binh Thuan, Quang Ngai, Binh Dinh, Quang Tri, Thua Thien-Hue provinces",,,No,No,No,,49140,Km2,,,,2000,11,18,2000,11,26,36,3,25000,,25003,,,,,15000,27325,54.89515197,"[{""adm1_code"":3333,""adm1_name"":""Binh Dinh""},{""adm1_code"":3336,""adm1_name"":""Binh Thuan""},{""adm1_code"":3355,""adm1_name"":""Khanh Hoa""},{""adm1_code"":3368,""adm1_name"":""Ninh Thuan""},{""adm1_code"":3370,""adm1_name"":""Phu Yen""},{""adm1_code"":3372,""adm1_name"":""Quang Nam""},{""adm1_code"":3374,""adm1_name"":""Quang Ngai""},{""adm1_code"":3376,""adm1_name"":""Quang Tri""},{""adm1_code"":3383,""adm1_name"":""Thua Thien - Hue""}]",2004-10-19,2023-09-25
2001-0361-VNM,No,nat-hyd-flo-flo,Natural,Hydrological,Flood,Flood (General),,,VNM,Viet Nam,South-eastern Asia,Asia,"Tien Yen, Dong Trieu, Hoanh Bo districts (Quang Ninh province)",,,No,No,No,,,Km2,,,,2001,6,30,2001,6,30,9,,175,,175,,,,,,,56.44657635,"[{""adm2_code"":32546,""adm2_name"":""Dong Trieu""},{""adm2_code"":32548,""adm2_name"":""Hoanh Bo""},{""adm2_code"":32551,""adm2_name"":""Tien Yen""}]",2003-07-01,2023-09-25
2001-0492-VNM,No,nat-hyd-flo-riv,Natural,Hydrological,Flood,Riverine flood,,,VNM,Viet Nam,South-eastern Asia,Asia,"Long An, Dong Thap, An Giang, Can Tho city, Phu Tho, Kien Giang, Tien Giang, Vinh Long, Soc Trang, Tra Vinh, Ben Tre provinces",Monsoonal rain,,Yes,No,No,,745,Km2,,,"Mekong, Tien and Hau",2001,8,15,2001,11,19,310,,1570270,,1570270,,,,,84000,148813,56.44657635,"[{""adm1_code"":3326,""adm1_name"":""An Giang""},{""adm1_code"":3332,""adm1_name"":""Ben Tre""},{""adm1_code"":3343,""adm1_name"":""Dong Thap""},{""adm1_code"":3356,""adm1_name"":""Kien Giang""},{""adm1_code"":3362,""adm1_name"":""Long An""},{""adm1_code"":3369,""adm1_name"":""Phu Tho""},{""adm1_code"":3377,""adm1_name"":""Soc Trang""},{""adm1_code"":3384,""adm1_name"":""Tien Giang""},{""adm1_code"":3386,""adm1_name"":""Tra Vinh""},{""adm1_code"":3388,""adm1_name"":""Vinh Long""},{""adm1_code"":73933,""adm1_name"":""Can Tho city""}]",2005-09-20,2023-09-25
2001-0587-VNM,No,nat-hyd-flo-fla,Natural,Hydrological,Flood,Flash flood,,,VNM,Viet Nam,South-eastern Asia,Asia,"Quang Nam, Quang Ngai, Ha Tinh, Nghe An, Quang Tri, Phu Yen provinces",Brief torrential rain,,No,No,No,,72000,Km2,,,,2001,10,20,2001,10,24,20,6,35000,,35006,,,,,4700,8326,56.44657635,"[{""adm1_code"":3349,""adm1_name"":""Ha Tinh""},{""adm1_code"":3366,""adm1_name"":""Nghe An""},{""adm1_code"":3370,""adm1_name"":""Phu Yen""},{""adm1_code"":3372,""adm1_name"":""Quang Nam""},{""adm1_code"":3374,""adm1_name"":""Quang Ngai""},{""adm1_code"":3376,""adm1_name"":""Quang Tri""}]",2004-10-28,2023-09-25
2001-0654-VNM,No,nat-hyd-flo-coa,Natural,Hydrological,Flood,Coastal flood,,,VNM,Viet Nam,South-eastern Asia,Asia,Thu Duc district (Ho Chi Minh City province),,,No,No,No,,,Km2,,,,2001,11,4,2001,11,4,,,3000,,3000,,,,,,,56.44657635,"[{""adm2_code"":32641,""adm2_name"":""Thu Duc""}]",2003-07-01,2023-09-25
2002-0470-VNM,No,nat-hyd-flo-riv,Natural,Hydrological,Flood,Riverine flood,,,VNM,Viet Nam,South-eastern Asia,Asia,"Lai Chau, Lao Cai, Ha Giang, Tuyen Quang, Bac Kan, Son La, Lam Dong provinces",Heavy rain,,No,No,No,,27820,Km2,,,"Hong, Thai Binh, Lo.",2002,7,31,2002,8,6,10,,2000,,2000,,,,,2200,3837,57.34184015,"[{""adm1_code"":3328,""adm1_name"":""Bac Kan""},{""adm1_code"":3345,""adm1_name"":""Ha Giang""},{""adm1_code"":3359,""adm1_name"":""Lam Dong""},{""adm1_code"":3378,""adm1_name"":""Son La""},{""adm1_code"":3387,""adm1_name"":""Tuyen Quang""},{""adm1_code"":73938,""adm1_name"":""Lai Chau""},{""adm1_code"":73939,""adm1_name"":""Lao Cai""}]",2005-09-23,2023-09-25
2002-0580-VNM,No,nat-hyd-flo-riv,Natural,Hydrological,Flood,Riverine flood,,,VNM,Viet Nam,South-eastern Asia,Asia,"Long An, Dong Thap, An Giang provinces",,,No,No,No,1622,,Km2,,,,2002,9,,2002,9,,82,,1138200,,1138200,,,,,23900,41680,57.34184015,"[{""adm1_code"":3326,""adm1_name"":""An Giang""},{""adm1_code"":3343,""adm1_name"":""Dong Thap""},{""adm1_code"":3362,""adm1_name"":""Long An""}]",2005-04-19,2023-09-25
2002-0610-VNM,No,nat-hyd-flo-riv,Natural,Hydrological,Flood,Riverine flood,,,VNM,Viet Nam,South-eastern Asia,Asia,"Ha Tinh, Nghe An provinces",Heavy rain,,No,No,No,,19980,Km2,,,La River,2002,9,20,2002,9,30,55,116,291500,,291616,,,,,58000,101148,57.34184015,"[{""adm1_code"":3349,""adm1_name"":""Ha Tinh""},{""adm1_code"":3366,""adm1_name"":""Nghe An""}]",2005-09-26,2023-09-25
2003-0505-VNM,No,nat-hyd-flo-coa,Natural,Hydrological,Flood,Coastal flood,,,VNM,Viet Nam,South-eastern Asia,Asia,"Quang Ngai, Quang Nam, Binh Dinh, Quang Tri, Phu Yen, Thua Thien Hue provinces","Tropical monsoon rain, cold depression",,No,No,No,,10630,Km2,,,"Kon, Lai Giang and La Tinh",2003,10,15,2003,10,22,52,29,216745,5000,221774,,,,,32000,54567,58.64355298,"[{""adm1_code"":3333,""adm1_name"":""Binh Dinh""},{""adm1_code"":3370,""adm1_name"":""Phu Yen""},{""adm1_code"":3372,""adm1_name"":""Quang Nam""},{""adm1_code"":3374,""adm1_name"":""Quang Ngai""},{""adm1_code"":3376,""adm1_name"":""Quang Tri""},{""adm1_code"":3383,""adm1_name"":""Thua Thien - Hue""}]",2004-01-27,2023-09-25
2003-0557-VNM,No,nat-hyd-flo-riv,Natural,Hydrological,Flood,Riverine flood,,,VNM,Viet Nam,South-eastern Asia,Asia,"Ninh Thuan, Binh Dinh, Phu Yen, Khanh Hoa, Quang Nam, Dak Lak provinces",Torrential rains,"Slide (land, mud, snow, rock)",No,No,No,370,362,Km2,,,"Phan Rang river, Kon river",2003,11,11,2003,11,14,61,34,185135,8880,194049,,,,,35000,59683,58.64355298,"[{""adm1_code"":3333,""adm1_name"":""Binh Dinh""},{""adm1_code"":3355,""adm1_name"":""Khanh Hoa""},{""adm1_code"":3368,""adm1_name"":""Ninh Thuan""},{""adm1_code"":3370,""adm1_name"":""Phu Yen""},{""adm1_code"":3372,""adm1_name"":""Quang Nam""},{""adm1_code"":73934,""adm1_name"":""Dak Lak""}]",2005-04-13,2023-09-25
2003-0672-VNM,No,nat-hyd-flo-riv,Natural,Hydrological,Flood,Riverine flood,,,VNM,Viet Nam,South-eastern Asia,Asia,"Nghe An, Thai Binh, Nam Dinh, Lao Cai, Ha Tinh provinces",Torrential rain,,No,No,No,,31350,Km2,,,"Song Con, Thai Binh",2003,9,10,2003,9,14,15,,1000,,1000,,,38000,64798,38000,64798,58.64355298,"[{""adm1_code"":3349,""adm1_name"":""Ha Tinh""},{""adm1_code"":3364,""adm1_name"":""Nam Dinh""},{""adm1_code"":3366,""adm1_name"":""Nghe An""},{""adm1_code"":3380,""adm1_name"":""Thai Binh""},{""adm1_code"":73939,""adm1_name"":""Lao Cai""}]",2004-01-30,2023-09-25
2004-0328-VNM,No,nat-hyd-flo-riv,Natural,Hydrological,Flood,Riverine flood,,,VNM,Viet Nam,South-eastern Asia,Asia,"Mai Son, Bac Yen, Song Ma districts (Son La province)",Heavy rain,,No,No,No,,3300,Km2,,,,2004,4,16,2004,4,17,9,,5000,,5000,,,,,,,60.21357973,"[{""adm2_code"":32565,""adm2_name"":""Bac Yen""},{""adm2_code"":32566,""adm2_name"":""Mai Son""},{""adm2_code"":74209,""adm2_name"":""Song Ma""}]",2005-03-28,2023-09-25
2004-0354-VNM,No,nat-hyd-flo-fla,Natural,Hydrological,Flood,Flash flood,GLIDE:FF-2004-000060,,VNM,Viet Nam,South-eastern Asia,Asia,"Du Tien, Du Gia villages (Yen Minh district, Ha Giang province), Bao Lam district (Cao Bang province)",Heavy rains,"Slide (land, mud, snow, rock)",No,No,No,,12020,Km2,,,"Hong, Luc Nam, Thuong and Thai Binh rivers and tributaries, Red River Delta",2004,7,18,2004,7,28,53,18,,,18,,,,,8000,13286,60.21357973,"[{""adm2_code"":73984,""adm2_name"":""Bao Lam""},{""adm2_code"":32323,""adm2_name"":""Yen Minh""}]",2005-03-08,2025-06-25
2004-0735-VNM,No,nat-hyd-flo-riv,Natural,Hydrological,Flood,Riverine flood,,,VNM,Viet Nam,South-eastern Asia,Asia,"An Giang, Vinh Long, Dong Thap, Long An, Can Tho city, Kien Giang provinces",Monsoonal rain,Rain,No,No,No,,47760,Km2,,,"Mekong (Cuu Long), Tien River",2004,8,24,2004,10,21,34,,30000,,30000,,,,,,,60.21357973,"[{""adm1_code"":3326,""adm1_name"":""An Giang""},{""adm1_code"":3343,""adm1_name"":""Dong Thap""},{""adm1_code"":3356,""adm1_name"":""Kien Giang""},{""adm1_code"":3362,""adm1_name"":""Long An""},{""adm1_code"":3388,""adm1_name"":""Vinh Long""},{""adm1_code"":73933,""adm1_name"":""Can Tho city""}]",2005-03-25,2023-09-25
2005-0315-VNM,No,nat-hyd-flo-riv,Natural,Hydrological,Flood,Riverine flood,,,VNM,Viet Nam,South-eastern Asia,Asia,Vinh Thuan district (Kien Giang province),Heavy rains,Rain,No,No,No,,,Km2,,,,2005,5,26,2005,5,26,,3,385,205,593,,,,,,,62.25647853,"[{""adm2_code"":32405,""adm2_name"":""Vinh Thuan""}]",2005-06-13,2023-09-25
2005-0584-VNM,No,nat-hyd-flo-riv,Natural,Hydrological,Flood,Riverine flood,,,VNM,Viet Nam,South-eastern Asia,Asia,"Quang Binh, Quang Tri, Thua Thien Hue, Quang Ngai provinces",Heavy rains,,No,No,No,,8370,Km2,,,Ben Hai,2005,10,7,2005,10,10,17,,10000,,10000,,,,,15000,24094,62.25647853,"[{""adm1_code"":3371,""adm1_name"":""Quang Binh""},{""adm1_code"":3374,""adm1_name"":""Quang Ngai""},{""adm1_code"":3376,""adm1_name"":""Quang Tri""},{""adm1_code"":3383,""adm1_name"":""Thua Thien - Hue""}]",2005-10-18,2023-09-25
2005-0628-VNM,No,nat-hyd-flo-fla,Natural,Hydrological,Flood,Flash flood,,,VNM,Viet Nam,South-eastern Asia,Asia,"Binh Dinh, Quang Ngai, Phu Yen, Khanh Hoa, Gia Lai, Quang Tri provinces",Heavy rains,,No,No,No,,28850,Km2,,,Ba river,2005,10,20,2005,10,28,67,,33800,,33800,,,,,12000,19275,62.25647853,"[{""adm1_code"":3333,""adm1_name"":""Binh Dinh""},{""adm1_code"":3344,""adm1_name"":""Gia Lai""},{""adm1_code"":3355,""adm1_name"":""Khanh Hoa""},{""adm1_code"":3370,""adm1_name"":""Phu Yen""},{""adm1_code"":3374,""adm1_name"":""Quang Ngai""},{""adm1_code"":3376,""adm1_name"":""Quang Tri""}]",2005-11-15,2023-09-25
2005-0694-VNM,No,nat-hyd-flo-riv,Natural,Hydrological,Flood,Riverine flood,,,VNM,Viet Nam,South-eastern Asia,Asia,"Khanh Hoa, Dak Lak, Phu Yen, Quang Ngai, Binh Dinh, Quang Nam, Binh Thuan, Ninh Thuan, Dak Lak provinces",Torrential rains,"Slide (land, mud, snow, rock)",No,No,No,,63090,Km2,,,"Nha Trang, Kon, Cai Nha Trang, Dinh, Ve, Tra Cau, Tra Khuc, Tra Bong, Con, Ha Thanh, Lao Giang, Krong Ana, Krong Kno, Serepoc",2005,12,4,2005,12,24,69,,,18000,18000,,,,,27000,43369,62.25647853,"[{""adm1_code"":3333,""adm1_name"":""Binh Dinh""},{""adm1_code"":3336,""adm1_name"":""Binh Thuan""},{""adm1_code"":3355,""adm1_name"":""Khanh Hoa""},{""adm1_code"":3368,""adm1_name"":""Ninh Thuan""},{""adm1_code"":3370,""adm1_name"":""Phu Yen""},{""adm1_code"":3372,""adm1_name"":""Quang Nam""},{""adm1_code"":3374,""adm1_name"":""Quang Ngai""},{""adm1_code"":73934,""adm1_name"":""Dak Lak""}]",2006-02-28,2023-09-25
2005-0822-VNM,No,nat-hyd-flo-riv,Natural,Hydrological,Flood,Riverine flood,GLIDE:FL-2005-000159,,VNM,Viet Nam,South-eastern Asia,Asia,"Tan Hung, Vinh Hung, Moc Hoa districts (Long An province), Dong Thap, An Giang provinces",Monsoonal rain,,No,No,No,,54540,Km2,,,"Mekong, Tien, Hau",2005,9,8,2005,9,29,39,,30000,,30000,,,,,,,62.25647853,"[{""adm1_code"":3326,""adm1_name"":""An Giang""},{""adm1_code"":3343,""adm1_name"":""Dong Thap""},{""adm2_code"":32454,""adm2_name"":""Moc Hoa""},{""adm2_code"":32458,""adm2_name"":""Vinh Hung""},{""adm2_code"":74155,""adm2_name"":""Tan Hung""}]",2005-10-03,2025-06-25
2006-0366-VNM,No,nat-hyd-flo-fla,Natural,Hydrological,Flood,Flash flood,,,VNM,Viet Nam,South-eastern Asia,Asia,Bac Me district (Ha Giang province),Heavy rain,,No,No,No,,560,Km2,,,Lo,2006,7,9,2006,7,11,4,100,,,100,,,,,1000,1556,64.26483222,"[{""adm2_code"":32314,""adm2_name"":""Bac Me""}]",2006-07-18,2023-09-25
2006-0429-VNM,No,nat-hyd-flo-fla,Natural,Hydrological,Flood,Flash flood,,,VNM,Viet Nam,South-eastern Asia,Asia,"Bac Kan, Vinh Phuc, Lang Son provinces",Heavy rains,"Slide (land, mud, snow, rock)",No,No,No,,,Km2,,,,2006,7,18,2006,7,18,12,,,2000,2000,,,,,,,64.26483222,"[{""adm1_code"":3328,""adm1_name"":""Bac Kan""},{""adm1_code"":3360,""adm1_name"":""Lang Son""},{""adm1_code"":3389,""adm1_name"":""Vinh Phuc""}]",2006-08-10,2023-09-25
2006-0446-VNM,No,nat-hyd-flo-riv,Natural,Hydrological,Flood,Riverine flood,GLIDE:FL-2006-000136,,VNM,Viet Nam,South-eastern Asia,Asia,"Binh Thuan, Nghe An, Quang Binh, Quang Tri, Dak Lak, Dong Nai, Lam Dong, Cao Bang, Ha Tinh, Thua Thien Hue, Dak Lak, Dak Nong, Yen Bai, Thanh Hoa, Phu Tho provinces",Heavy rain,"Slide (land, mud, snow, rock)",No,No,No,,119500,Km2,17.76,106.15,Dong Nai River,2006,8,12,2006,8,30,42,20,50000,,50020,,,,,8000,12448,64.26483222,"[{""adm1_code"":3336,""adm1_name"":""Binh Thuan""},{""adm1_code"":3338,""adm1_name"":""Cao Bang""},{""adm1_code"":3342,""adm1_name"":""Dong Nai""},{""adm1_code"":3349,""adm1_name"":""Ha Tinh""},{""adm1_code"":3359,""adm1_name"":""Lam Dong""},{""adm1_code"":3366,""adm1_name"":""Nghe An""},{""adm1_code"":3369,""adm1_name"":""Phu Tho""},{""adm1_code"":3371,""adm1_name"":""Quang Binh""},{""adm1_code"":3376,""adm1_name"":""Quang Tri""},{""adm1_code"":3382,""adm1_name"":""Thanh Hoa""},{""adm1_code"":3383,""adm1_name"":""Thua Thien - Hue""},{""adm1_code"":3390,""adm1_name"":""Yen Bai""},{""adm1_code"":73934,""adm1_name"":""Dak Lak""},{""adm1_code"":73935,""adm1_name"":""Dak Nong""}]",2007-03-09,2025-03-06
2006-0451-VNM,No,nat-hyd-flo-riv,Natural,Hydrological,Flood,Riverine flood,,,VNM,Viet Nam,South-eastern Asia,Asia,"An Giang, Dong Thap provinces",Monsoonal rain,,No,No,No,,,Km2,11.06,104.68,,2006,8,10,2006,11,1,60,,,,,,,,,,,64.26483222,"[{""adm1_code"":3326,""adm1_name"":""An Giang""},{""adm1_code"":3343,""adm1_name"":""Dong Thap""}]",2007-01-07,2023-09-25
2006-0736-VNM,No,nat-hyd-flo-riv,Natural,Hydrological,Flood,Riverine flood,,,VNM,Viet Nam,South-eastern Asia,Asia,"Binh Dinh, Da Nang City, Gia Lai, Ha Tinh, Kon Tum, Nghe An, Quang Binh, Quang Nam, Quang Ngai, Quang Tri, Thua Thien - Hue, An Giang, Ba Ria-Vung Tau, Bac Lieu, Ben Tre, Binh Duong, Binh Phuoc, Binh Thuan, Ca Mau, Can Tho City, Dak Lak, Dak Nong, Dong Nai, Dong Thap, Hau Giang, Ho Chi Minh City, Khanh Hoa, Kien Giang, Lam Dong, Long An, Ninh Thuan, Phu Yen, Soc Trang, Tay Ninh, Tien Giang, Tra Vinh, Vinh Long, Bac Giang, Bac Kan, Bac Ninh, Cao Bang, Dien Bien, Ha Giang, Ha Nam, Ha Noi City, Ha Tay, Hai Duong, Hai Phong City, Hoa Binh, Hung Yen, Lai Chau, Lang Son, Lao Cai, Nam Dinh, Ninh Binh, Phu Tho, Quang Ninh, Son La, Thai Binh, Thai Nguyen, Thanh Hoa, Tuyen Quang, Vinh Phuc, Yen Bai provinces",Heavy rain,,No,No,No,,,Km2,,,Mekong Delta,2006,10,12,2006,10,17,60,,,,,,,,,,,64.26483222,"[{""adm1_code"":3326,""adm1_name"":""An Giang""},{""adm1_code"":3327,""adm1_name"":""Ba Ria-Vung Tau""},{""adm1_code"":3328,""adm1_name"":""Bac Kan""},{""adm1_code"":3329,""adm1_name"":""Bac Giang""},{""adm1_code"":3330,""adm1_name"":""Bac Lieu""},{""adm1_code"":3331,""adm1_name"":""Bac Ninh""},{""adm1_code"":3332,""adm1_name"":""Ben Tre""},{""adm1_code"":3333,""adm1_name"":""Binh Dinh""},{""adm1_code"":3334,""adm1_name"":""Binh Duong""},{""adm1_code"":3335,""adm1_name"":""Binh Phuoc""},{""adm1_code"":3336,""adm1_name"":""Binh Thuan""},{""adm1_code"":3338,""adm1_name"":""Cao Bang""},{""adm1_code"":3339,""adm1_name"":""Ca Mau""},{""adm1_code"":3340,""adm1_name"":""Da Nang City""},{""adm1_code"":3342,""adm1_name"":""Dong Nai""},{""adm1_code"":3343,""adm1_name"":""Dong Thap""},{""adm1_code"":3344,""adm1_name"":""Gia Lai""},{""adm1_code"":3345,""adm1_name"":""Ha Giang""},{""adm1_code"":3346,""adm1_name"":""Ha Nam""},{""adm1_code"":3347,""adm1_name"":""Ha Noi City""},{""adm1_code"":3348,""adm1_name"":""Ha Tay""},{""adm1_code"":3349,""adm1_name"":""Ha Tinh""},{""adm1_code"":3350,""adm1_name"":""Hai Duong""},{""adm1_code"":3351,""adm1_name"":""Hai Phong City""},{""adm1_code"":3352,""adm1_name"":""Ho Chi Minh City""},{""adm1_code"":3353,""adm1_name"":""Hoa Binh""},{""adm1_code"":3354,""adm1_name"":""Hung Yen""},{""adm1_code"":3355,""adm1_name"":""Khanh Hoa""},{""adm1_code"":3356,""adm1_name"":""Kien Giang""},{""adm1_code"":3357,""adm1_name"":""Kon Tum""},{""adm1_code"":3359,""adm1_name"":""Lam Dong""},{""adm1_code"":3360,""adm1_name"":""Lang Son""},{""adm1_code"":3362,""adm1_name"":""Long An""},{""adm1_code"":3364,""adm1_name"":""Nam Dinh""},{""adm1_code"":3366,""adm1_name"":""Nghe An""},{""adm1_code"":3367,""adm1_name"":""Ninh Binh""},{""adm1_code"":3368,""adm1_name"":""Ninh Thuan""},{""adm1_code"":3369,""adm1_name"":""Phu Tho""},{""adm1_code"":3370,""adm1_name"":""Phu Yen""},{""adm1_code"":3371,""adm1_name"":""Quang Binh""},{""adm1_code"":3372,""adm1_name"":""Quang Nam""},{""adm1_code"":3374,""adm1_name"":""Quang Ngai""},{""adm1_code"":3375,""adm1_name"":""Quang Ninh""},{""adm1_code"":3376,""adm1_name"":""Quang Tri""},{""adm1_code"":3377,""adm1_name"":""Soc Trang""},{""adm1_code"":3378,""adm1_name"":""Son La""},{""adm1_code"":3379,""adm1_name"":""Tay Ninh""},{""adm1_code"":3380,""adm1_name"":""Thai Binh""},{""adm1_code"":3381,""adm1_name"":""Thai Nguyen""},{""adm1_code"":3382,""adm1_name"":""Thanh Hoa""},{""adm1_code"":3383,""adm1_name"":""Thua Thien - Hue""},{""adm1_code"":3384,""adm1_name"":""Tien Giang""},{""adm1_code"":3386,""adm1_name"":""Tra Vinh""},{""adm1_code"":3387,""adm1_name"":""Tuyen Quang""},{""adm1_code"":3388,""adm1_name"":""Vinh Long""},{""adm1_code"":3389,""adm1_name"":""Vinh Phuc""},{""adm1_code"":3390,""adm1_name"":""Yen Bai""},{""adm1_code"":73933,""adm1_name"":""Can Tho city""},{""adm1_code"":73934,""adm1_name"":""Dak Lak""},{""adm1_code"":73935,""adm1_name"":""Dak Nong""},{""adm1_code"":73936,""adm1_name"":""Dien Bien""},{""adm1_code"":73937,""adm1_name"":""Hau Giang""},{""adm1_code"":73938,""adm1_name"":""Lai Chau""},{""adm1_code"":73939,""adm1_name"":""Lao Cai""}]",2007-03-09,2023-09-25
2007-0323-VNM,No,nat-hyd-flo-coa,Natural,Hydrological,Flood,Coastal flood,GLIDE:FL-2007-000122,,VNM,Viet Nam,South-eastern Asia,Asia,"Dak Lak, Lam Dong, Ha Tinh provinces",Tropical storm,,Yes,No,No,4439,,Km2,,,,2007,8,5,2007,8,7,74,130,416000,,416130,,,,,130000,196677,66.09810297,"[{""adm1_code"":3349,""adm1_name"":""Ha Tinh""},{""adm1_code"":3359,""adm1_name"":""Lam Dong""},{""adm1_code"":73934,""adm1_name"":""Dak Lak""}]",2008-08-04,2023-09-25
2007-0512-VNM,No,nat-hyd-flo-riv,Natural,Hydrological,Flood,Riverine flood,GLIDE:FL-2007-000245,,VNM,Viet Nam,South-eastern Asia,Asia,"Thua Thien - Hue, Quang Ngai, Quang Tri, Quang Nam provinces",Heavy rains,,No,No,No,,24810,Km2,15.87,107.78,Huong,2007,10,14,2007,10,24,15,,22000,,22000,,,,,10000,15129,66.09810297,"[{""adm1_code"":3372,""adm1_name"":""Quang Nam""},{""adm1_code"":3374,""adm1_name"":""Quang Ngai""},{""adm1_code"":3376,""adm1_name"":""Quang Tri""},{""adm1_code"":3383,""adm1_name"":""Thua Thien - Hue""}]",2007-11-06,2025-03-13
2007-0522-VNM,No,nat-hyd-flo-riv,Natural,Hydrological,Flood,Riverine flood,GLIDE:FF-2007-000201,,VNM,Viet Nam,South-eastern Asia,Asia,"Thua Thien-Hue, Quang Ngai, Quang Nam, Quan Binh provinces",Heavy rain,,No,No,No,,35110,Km2,16.32,107.36,"Thu Bon, Vu Gia, O Lau, Thach Han, Kien Giang",2007,10,28,2007,11,9,83,42,94000,,94042,,,,,300000,453871,66.09810297,"[{""adm1_code"":3371,""adm1_name"":""Quang Binh""},{""adm1_code"":3372,""adm1_name"":""Quang Nam""},{""adm1_code"":3374,""adm1_name"":""Quang Ngai""},{""adm1_code"":3383,""adm1_name"":""Thua Thien - Hue""}]",2008-03-11,2025-06-25
2007-0531-VNM,No,nat-hyd-flo-flo,Natural,Hydrological,Flood,Flood (General),GLIDE:WF-2007-000195,,VNM,Viet Nam,South-eastern Asia,Asia,"Dong Thap, An Giang, Kien Giang provinces",Heavy rain,,No,No,No,,46470,Km2,11.01,105.51,"Mekong, Tien, Hau",2007,10,20,2007,11,2,3,,280000,,280000,,,,,,,66.09810297,"[{""adm1_code"":3326,""adm1_name"":""An Giang""},{""adm1_code"":3343,""adm1_name"":""Dong Thap""},{""adm1_code"":3356,""adm1_name"":""Kien Giang""}]",2008-08-01,2023-09-25
2007-0558-VNM,No,nat-hyd-flo-coa,Natural,Hydrological,Flood,Coastal flood,GLIDE:FL-2007-000201,,VNM,Viet Nam,South-eastern Asia,Asia,"Khanh Hoa, Quang Ngai, Binh Dinh, Quang Nam, Thua Thien-Hue, Ninh Thuan, Quang Tri, Da Nang City provinces",Typhoon Peipah,,No,No,No,,36820,Km2,15.3,108.44,"Cau, Huong, Kon, Da",2007,11,10,2007,11,21,55,,150000,,150000,,,,,350000,529516,66.09810297,"[{""adm1_code"":3333,""adm1_name"":""Binh Dinh""},{""adm1_code"":3340,""adm1_name"":""Da Nang City""},{""adm1_code"":3355,""adm1_name"":""Khanh Hoa""},{""adm1_code"":3368,""adm1_name"":""Ninh Thuan""},{""adm1_code"":3372,""adm1_name"":""Quang Nam""},{""adm1_code"":3374,""adm1_name"":""Quang Ngai""},{""adm1_code"":3376,""adm1_name"":""Quang Tri""},{""adm1_code"":3383,""adm1_name"":""Thua Thien - Hue""}]",2008-08-01,2023-09-25
2008-0262-VNM,No,nat-hyd-flo-fla,Natural,Hydrological,Flood,Flash flood,,,VNM,Viet Nam,South-eastern Asia,Asia,"Dac Ngo village (Tuy Duc area, Dak R'Lap district, Dak Nong province)",Heavy rains,,No,No,No,,5300,Km2,12.14,107.83,,2008,5,11,2008,5,12,4,,500,,500,,,,,,,68.63567228,"[{""adm2_code"":74004,""adm2_name"":""Dak R'Lap""}]",2008-12-11,2023-09-25
2008-0373-VNM,No,nat-hyd-flo-riv,Natural,Hydrological,Flood,Riverine flood,GLIDE:FL-2008-000162,,VNM,Viet Nam,South-eastern Asia,Asia,Ha Giang province,Heavy rains,"Slide (land, mud, snow, rock)",No,No,No,,,Km2,,,,2008,8,26,2008,8,28,16,,,,,,,,,,,68.63567228,"[{""adm1_code"":3345,""adm1_name"":""Ha Giang""}]",2008-09-11,2025-06-25
2008-0481-VNM,No,nat-hyd-flo-fla,Natural,Hydrological,Flood,Flash flood,,,VNM,Viet Nam,South-eastern Asia,Asia,"Nghe An, Thua Thien-Hue, Quang Tri, Quang Nam, Quang Ngai, Thanh Hoa provinces",Storm and heavy vrain,"Slide (land, mud, snow, rock)",No,No,No,,39090,Km2,14.9,107.46,,2008,10,19,2008,10,20,29,4,12000,,12004,,,,,4000,5828,68.63567228,"[{""adm1_code"":3366,""adm1_name"":""Nghe An""},{""adm1_code"":3372,""adm1_name"":""Quang Nam""},{""adm1_code"":3374,""adm1_name"":""Quang Ngai""},{""adm1_code"":3376,""adm1_name"":""Quang Tri""},{""adm1_code"":3382,""adm1_name"":""Thanh Hoa""},{""adm1_code"":3383,""adm1_name"":""Thua Thien - Hue""}]",2009-03-18,2023-09-25
2008-0501-VNM,No,nat-hyd-flo-riv,Natural,Hydrological,Flood,Riverine flood,GLIDE:FF-2008-000211,,VNM,Viet Nam,South-eastern Asia,Asia,"Thai Nguyen, Vinh Phuc, Hoa Binh, Ninh Binh, Thanh Hoa, Nghe An, Ha Tinh, Quang Binh, Ha Nam, Ha Noi City provinces",Heavy rains,"Slide (land, mud, snow, rock)",Yes,No,No,215,74590,Km2,20.74,106.32,,2008,10,27,2008,11,4,99,,600000,,600000,,,,,479000,697888,68.63567228,"[{""adm1_code"":3346,""adm1_name"":""Ha Nam""},{""adm1_code"":3347,""adm1_name"":""Ha Noi City""},{""adm1_code"":3349,""adm1_name"":""Ha Tinh""},{""adm1_code"":3353,""adm1_name"":""Hoa Binh""},{""adm1_code"":3366,""adm1_name"":""Nghe An""},{""adm1_code"":3367,""adm1_name"":""Ninh Binh""},{""adm1_code"":3371,""adm1_name"":""Quang Binh""},{""adm1_code"":3381,""adm1_name"":""Thai Nguyen""},{""adm1_code"":3382,""adm1_name"":""Thanh Hoa""},{""adm1_code"":3389,""adm1_name"":""Vinh Phuc""}]",2010-08-16,2023-09-25
2008-0607-VNM,No,nat-hyd-flo-riv,Natural,Hydrological,Flood,Riverine flood,,,VNM,Viet Nam,South-eastern Asia,Asia,"Phu Yen, Binh Dinh, Quang Binh, Quang Nam provinces",Heavy rain,,No,No,No,,29580,Km2,18.89,107.06,,2008,12,25,2009,1,5,9,,20000,,20000,,,,,,,68.63567228,"[{""adm1_code"":3333,""adm1_name"":""Binh Dinh""},{""adm1_code"":3370,""adm1_name"":""Phu Yen""},{""adm1_code"":3371,""adm1_name"":""Quang Binh""},{""adm1_code"":3372,""adm1_name"":""Quang Nam""}]",2009-01-28,2023-09-25
2009-0247-VNM,No,nat-hyd-flo-riv,Natural,Hydrological,Flood,Riverine flood,GLIDE:FL-2009-000124,,VNM,Viet Nam,South-eastern Asia,Asia,"Bac Kan, Cao Bang, Ha Giang, Lai Chau provinces",Heavy rains,,No,No,No,,69860,Km2,20.67,104.3,,2009,7,3,2009,7,6,20,,700000,,700000,,,,,,,68.39164268,"[{""adm1_code"":3328,""adm1_name"":""Bac Kan""},{""adm1_code"":3338,""adm1_name"":""Cao Bang""},{""adm1_code"":3345,""adm1_name"":""Ha Giang""},{""adm1_code"":73938,""adm1_name"":""Lai Chau""}]",2009-08-05,2023-09-25
2009-0611-VNM,No,nat-hyd-flo-riv,Natural,Hydrological,Flood,Riverine flood,,,VNM,Viet Nam,South-eastern Asia,Asia,"Binh Dinh, Da Nang City, Gia Lai, Ha Tinh, Kon Tum, Nghe An, Quang Binh, Quang Nam, Quang Ngai, Quang Tri, Thua Thien - Hue provinces",Heavy rain,,No,No,No,,47600,Km2,15.19,108.02,,2009,9,25,2009,9,28,17,,40000,,40000,,,,,,,68.39164268,"[{""adm1_code"":3333,""adm1_name"":""Binh Dinh""},{""adm1_code"":3340,""adm1_name"":""Da Nang City""},{""adm1_code"":3344,""adm1_name"":""Gia Lai""},{""adm1_code"":3349,""adm1_name"":""Ha Tinh""},{""adm1_code"":3357,""adm1_name"":""Kon Tum""},{""adm1_code"":3366,""adm1_name"":""Nghe An""},{""adm1_code"":3371,""adm1_name"":""Quang Binh""},{""adm1_code"":3372,""adm1_name"":""Quang Nam""},{""adm1_code"":3374,""adm1_name"":""Quang Ngai""},{""adm1_code"":3376,""adm1_name"":""Quang Tri""},{""adm1_code"":3383,""adm1_name"":""Thua Thien - Hue""}]",2010-01-13,2023-09-25
2010-0515-VNM,No,nat-hyd-flo-fla,Natural,Hydrological,Flood,Flash flood,GLIDE:FL-2010-000194,,VNM,Viet Nam,South-eastern Asia,Asia,"Ha Tinh, Quang Binh, Quang Tri, Nghe An, Thua Thien - Hue provinces",Heavy rains associated with Tropical depression 14,,Yes,No,No,,,Km2,,,,2010,10,1,2010,10,6,84,75,679750,,679825,,,,,142500,204997,69.51329329,"[{""adm1_code"":3349,""adm1_name"":""Ha Tinh""},{""adm1_code"":3366,""adm1_name"":""Nghe An""},{""adm1_code"":3371,""adm1_name"":""Quang Binh""},{""adm1_code"":3376,""adm1_name"":""Quang Tri""},{""adm1_code"":3383,""adm1_name"":""Thua Thien - Hue""}]",2014-07-28,2023-09-25
2010-0539-VNM,No,nat-hyd-flo-riv,Natural,Hydrological,Flood,Riverine flood,,,VNM,Viet Nam,South-eastern Asia,Asia,"Nghe An, Ha Tinh, Quang Binh provinces",Heavy rains,,No,No,No,2802,,Km2,,,,2010,10,14,2010,10,18,21,,761000,,761000,,,,,154000,221540,69.51329329,"[{""adm1_code"":3349,""adm1_name"":""Ha Tinh""},{""adm1_code"":3366,""adm1_name"":""Nghe An""},{""adm1_code"":3371,""adm1_name"":""Quang Binh""}]",2010-10-19,2023-09-25
2010-0573-VNM,No,nat-hyd-flo-riv,Natural,Hydrological,Flood,Riverine flood,GLIDE:FL-2010-000194,,VNM,Viet Nam,South-eastern Asia,Asia,"Ninh Thuan, Khanh Hoa, Phu Yen, Binh Dinh, Quang Ngai, Dak Lak provinces",Heavy rains,,No,No,No,,33659,Km2,12.52,108.9,,2010,10,29,2010,11,10,31,8,39000,,39008,,,,,107700,154934,69.51329329,"[{""adm1_code"":3333,""adm1_name"":""Binh Dinh""},{""adm1_code"":3355,""adm1_name"":""Khanh Hoa""},{""adm1_code"":3368,""adm1_name"":""Ninh Thuan""},{""adm1_code"":3370,""adm1_name"":""Phu Yen""},{""adm1_code"":3374,""adm1_name"":""Quang Ngai""},{""adm1_code"":73934,""adm1_name"":""Dak Lak""}]",2010-11-29,2023-09-25
2010-0597-VNM,No,nat-hyd-flo-riv,Natural,Hydrological,Flood,Riverine flood,GLIDE:FL-2010-000241,,VNM,Viet Nam,South-eastern Asia,Asia,"Thua Thien-Hue, Quang Ngai, Quang Nam provinces",Heavy rains,,No,No,No,,45583.59,Km2,15.1821,108.8,,2010,11,12,2010,11,17,50,,10000,,10000,,,,,256000,368275,69.51329329,"[{""adm1_code"":3372,""adm1_name"":""Quang Nam""},{""adm1_code"":3374,""adm1_name"":""Quang Ngai""},{""adm1_code"":3383,""adm1_name"":""Thua Thien - Hue""}]",2010-11-26,2025-06-25
2011-0359-VNM,No,nat-hyd-flo-riv,Natural,Hydrological,Flood,Riverine flood,,,VNM,Viet Nam,South-eastern Asia,Asia,Lao Cai province,,,No,No,No,,,Km2,,,,2011,9,14,2011,9,14,24,,300000,,300000,,,,,44000,61360,71.70772361,"[{""adm1_code"":73939,""adm1_name"":""Lao Cai""}]",2011-10-20,2023-09-25
2011-0394-VNM,No,nat-hyd-flo-riv,Natural,Hydrological,Flood,Riverine flood,GLIDE:FL-2011-000137,,VNM,Viet Nam,South-eastern Asia,Asia,"An Giang, Dong Thap, Long An, Can Tho city, Vinh Long, Hau Giang, Kien Giang provinces",Monsoonla rains exacerbated by 3 tropical storms,,Yes,No,No,3881,,Km2,,,,2011,9,,2011,12,,85,,600000,,600000,,,,,175002,244049,71.70772361,"[{""adm1_code"":3326,""adm1_name"":""An Giang""},{""adm1_code"":3343,""adm1_name"":""Dong Thap""},{""adm1_code"":3356,""adm1_name"":""Kien Giang""},{""adm1_code"":3362,""adm1_name"":""Long An""},{""adm1_code"":3388,""adm1_name"":""Vinh Long""},{""adm1_code"":73933,""adm1_name"":""Can Tho city""},{""adm1_code"":73937,""adm1_name"":""Hau Giang""}]",2012-02-16,2023-09-25
2011-0396-VNM,No,nat-hyd-flo-riv,Natural,Hydrological,Flood,Riverine flood,,,VNM,Viet Nam,South-eastern Asia,Asia,"Quang Tri, Quang Binh, Thua Thien-Hue, Quang Nam provinces",,,No,No,No,,,Km2,,,,2011,10,21,2011,10,21,13,14,461570,,461584,,,,,,,71.70772361,"[{""adm1_code"":3371,""adm1_name"":""Quang Binh""},{""adm1_code"":3372,""adm1_name"":""Quang Nam""},{""adm1_code"":3376,""adm1_name"":""Quang Tri""},{""adm1_code"":3383,""adm1_name"":""Thua Thien - Hue""}]",2011-10-24,2023-09-25
2012-0351-VNM,No,nat-hyd-flo-riv,Natural,Hydrological,Flood,Riverine flood,GLIDE:FL-2012-000161,,VNM,Viet Nam,South-eastern Asia,Asia,"Ninh Binh, Ha Tinh, Thanh Hoa, Nghe An provinces",Torrential rain,,No,No,No,,24179,Km2,38.19,126.24,,2012,9,2,2012,9,11,34,40,,17500,17540,,,2000,2733,30000,40988,73.19159161,"[{""adm1_code"":3349,""adm1_name"":""Ha Tinh""},{""adm1_code"":3366,""adm1_name"":""Nghe An""},{""adm1_code"":3367,""adm1_name"":""Ninh Binh""},{""adm1_code"":3382,""adm1_name"":""Thanh Hoa""}]",2013-01-04,2025-06-25
2013-0266-VNM,No,nat-hyd-flo-riv,Natural,Hydrological,Flood,Riverine flood,,,VNM,Viet Nam,South-eastern Asia,Asia,"Lao Cai, Son La, Quang Ninh, Tuyen Quang provinces",,,No,No,No,,,Km2,,,,2013,7,28,2013,7,30,5,,5000,,5000,,,,,6500,8753,74.26372907,"[{""adm1_code"":3375,""adm1_name"":""Quang Ninh""},{""adm1_code"":3378,""adm1_name"":""Son La""},{""adm1_code"":3387,""adm1_name"":""Tuyen Quang""},{""adm1_code"":73939,""adm1_name"":""Lao Cai""}]",2013-08-12,2023-09-25
2013-0333-VNM,No,nat-hyd-flo-riv,Natural,Hydrological,Flood,Riverine flood,,,VNM,Viet Nam,South-eastern Asia,Asia,"Lao Cai, Ha Giang, Lai Chau provinces",Heavy rains,"Slide (land, mud, snow, rock)",No,No,No,,,Km2,,,,2013,9,,2013,9,,23,,,,,,,,,,,74.26372907,"[{""adm1_code"":3345,""adm1_name"":""Ha Giang""},{""adm1_code"":73938,""adm1_name"":""Lai Chau""},{""adm1_code"":73939,""adm1_name"":""Lao Cai""}]",2013-09-25,2023-09-25
2013-0380-VNM,No,nat-hyd-flo-riv,Natural,Hydrological,Flood,Riverine flood,,,VNM,Viet Nam,South-eastern Asia,Asia,"An Giang, Ba Ria-Vung Tau, Bac Lieu, Ben Tre, Binh Dinh, Binh Duong, Binh Phuoc, Binh Thuan, Ca Mau, Can Tho City, Da Nang City, Dak Lak, Dak Nong, Dong Nai, Dong Thap, Gia Lai, Ha Tinh, Hau Giang, Ho Chi Minh City, Khanh Hoa, Kien Giang, Kon Tum, Lam Dong, Long An, Ninh Thuan, Phu Yen, Quang Binh, Quang Nam, Quang Ngai, Quang Tri, Soc Trang, Tay Ninh, Thua Thien - Hue, Tien Giang, Tra Vinh, Vinh Long provinces",Mosoonal rain and typhoon Usagi,,No,No,No,,,Km2,,,,2013,9,24,2013,9,24,30,,,,,,,,,,,74.26372907,"[{""adm1_code"":3326,""adm1_name"":""An Giang""},{""adm1_code"":3327,""adm1_name"":""Ba Ria-Vung Tau""},{""adm1_code"":3330,""adm1_name"":""Bac Lieu""},{""adm1_code"":3332,""adm1_name"":""Ben Tre""},{""adm1_code"":3333,""adm1_name"":""Binh Dinh""},{""adm1_code"":3334,""adm1_name"":""Binh Duong""},{""adm1_code"":3335,""adm1_name"":""Binh Phuoc""},{""adm1_code"":3336,""adm1_name"":""Binh Thuan""},{""adm1_code"":3339,""adm1_name"":""Ca Mau""},{""adm1_code"":3340,""adm1_name"":""Da Nang City""},{""adm1_code"":3342,""adm1_name"":""Dong Nai""},{""adm1_code"":3343,""adm1_name"":""Dong Thap""},{""adm1_code"":3344,""adm1_name"":""Gia Lai""},{""adm1_code"":3349,""adm1_name"":""Ha Tinh""},{""adm1_code"":3352,""adm1_name"":""Ho Chi Minh City""},{""adm1_code"":3355,""adm1_name"":""Khanh Hoa""},{""adm1_code"":3356,""adm1_name"":""Kien Giang""},{""adm1_code"":3357,""adm1_name"":""Kon Tum""},{""adm1_code"":3359,""adm1_name"":""Lam Dong""},{""adm1_code"":3362,""adm1_name"":""Long An""},{""adm1_code"":3368,""adm1_name"":""Ninh Thuan""},{""adm1_code"":3370,""adm1_name"":""Phu Yen""},{""adm1_code"":3371,""adm1_name"":""Quang Binh""},{""adm1_code"":3372,""adm1_name"":""Quang Nam""},{""adm1_code"":3374,""adm1_name"":""Quang Ngai""},{""adm1_code"":3376,""adm1_name"":""Quang Tri""},{""adm1_code"":3377,""adm1_name"":""Soc Trang""},{""adm1_code"":3379,""adm1_name"":""Tay Ninh""},{""adm1_code"":3383,""adm1_name"":""Thua Thien - Hue""},{""adm1_code"":3384,""adm1_name"":""Tien Giang""},{""adm1_code"":3386,""adm1_name"":""Tra Vinh""},{""adm1_code"":3388,""adm1_name"":""Vinh Long""},{""adm1_code"":73933,""adm1_name"":""Can Tho city""},{""adm1_code"":73934,""adm1_name"":""Dak Lak""},{""adm1_code"":73935,""adm1_name"":""Dak Nong""},{""adm1_code"":73937,""adm1_name"":""Hau Giang""}]",2013-09-24,2023-09-25
2013-0412-VNM,No,nat-hyd-flo-riv,Natural,Hydrological,Flood,Riverine flood,,,VNM,Viet Nam,South-eastern Asia,Asia,"Bac Giang, Bac Kan, Bac Ninh, Cao Bang, Da Nang City, Dien Bien, Ha Giang, Ha Nam, Ha Noi City, Ha Tay, Ha Tinh, Hai Duong, Hai Phong City, Hoa Binh, Hung Yen, Lai Chau, Lang Son, Lao Cai, Nam Dinh, Nghe An, Ninh Binh, Phu Tho, Quang Binh, Quang Nam, Quang Ninh, Quang Tri, Son La, Thai Binh, Thai Nguyen, Thanh Hoa, Thua Thien - Hue, Tuyen Quang, Vinh Phuc, Yen Bai provinces",Heavy rains,"Slide (land, mud, snow, rock)",No,No,No,,,Km2,,,,2013,9,3,2013,9,4,29,,1000,,1000,,,,,,,74.26372907,"[{""adm1_code"":3328,""adm1_name"":""Bac Kan""},{""adm1_code"":3329,""adm1_name"":""Bac Giang""},{""adm1_code"":3331,""adm1_name"":""Bac Ninh""},{""adm1_code"":3338,""adm1_name"":""Cao Bang""},{""adm1_code"":3340,""adm1_name"":""Da Nang City""},{""adm1_code"":3345,""adm1_name"":""Ha Giang""},{""adm1_code"":3346,""adm1_name"":""Ha Nam""},{""adm1_code"":3347,""adm1_name"":""Ha Noi City""},{""adm1_code"":3348,""adm1_name"":""Ha Tay""},{""adm1_code"":3349,""adm1_name"":""Ha Tinh""},{""adm1_code"":3350,""adm1_name"":""Hai Duong""},{""adm1_code"":3351,""adm1_name"":""Hai Phong City""},{""adm1_code"":3353,""adm1_name"":""Hoa Binh""},{""adm1_code"":3354,""adm1_name"":""Hung Yen""},{""adm1_code"":3360,""adm1_name"":""Lang Son""},{""adm1_code"":3364,""adm1_name"":""Nam Dinh""},{""adm1_code"":3366,""adm1_name"":""Nghe An""},{""adm1_code"":3367,""adm1_name"":""Ninh Binh""},{""adm1_code"":3369,""adm1_name"":""Phu Tho""},{""adm1_code"":3371,""adm1_name"":""Quang Binh""},{""adm1_code"":3372,""adm1_name"":""Quang Nam""},{""adm1_code"":3375,""adm1_name"":""Quang Ninh""},{""adm1_code"":3376,""adm1_name"":""Quang Tri""},{""adm1_code"":3378,""adm1_name"":""Son La""},{""adm1_code"":3380,""adm1_name"":""Thai Binh""},{""adm1_code"":3381,""adm1_name"":""Thai Nguyen""},{""adm1_code"":3382,""adm1_name"":""Thanh Hoa""},{""adm1_code"":3383,""adm1_name"":""Thua Thien - Hue""},{""adm1_code"":3387,""adm1_name"":""Tuyen Quang""},{""adm1_code"":3389,""adm1_name"":""Vinh Phuc""},{""adm1_code"":3390,""adm1_name"":""Yen Bai""},{""adm1_code"":73936,""adm1_name"":""Dien Bien""},{""adm1_code"":73938,""adm1_name"":""Lai Chau""},{""adm1_code"":73939,""adm1_name"":""Lao Cai""}]",2013-10-28,2023-09-25
2013-0417-VNM,No,nat-hyd-flo-riv,Natural,Hydrological,Flood,Riverine flood,,,VNM,Viet Nam,South-eastern Asia,Asia,"Dak Lak, Quang Tri, Quang Ngai, Quang Nam, Kon Tum provinces",Tropical Depression 18,,No,No,No,,,Km2,,,,2013,9,16,2013,9,18,7,,25000,,25000,,,,,,,74.26372907,"[{""adm1_code"":3357,""adm1_name"":""Kon Tum""},{""adm1_code"":3372,""adm1_name"":""Quang Nam""},{""adm1_code"":3374,""adm1_name"":""Quang Ngai""},{""adm1_code"":3376,""adm1_name"":""Quang Tri""},{""adm1_code"":73934,""adm1_name"":""Dak Lak""}]",2014-01-03,2023-09-25
2013-0443-VNM,No,nat-hyd-flo-riv,Natural,Hydrological,Flood,Riverine flood,GLIDE:FL-2013-000142,,VNM,Viet Nam,South-eastern Asia,Asia,"Quang Ngai, Binh Dinh, Quang Nam, Da Nang City, Phu Yen, Gia Lai, Kon Tum provinces",Tropical depression Podul,,No,No,No,,48985,Km2,15.58,107.7,Mekong river,2013,11,14,2013,11,20,47,66,2127865,2070,2130001,,,,,72000,96952,74.26372907,"[{""adm1_code"":3333,""adm1_name"":""Binh Dinh""},{""adm1_code"":3340,""adm1_name"":""Da Nang City""},{""adm1_code"":3344,""adm1_name"":""Gia Lai""},{""adm1_code"":3357,""adm1_name"":""Kon Tum""},{""adm1_code"":3370,""adm1_name"":""Phu Yen""},{""adm1_code"":3372,""adm1_name"":""Quang Nam""},{""adm1_code"":3374,""adm1_name"":""Quang Ngai""}]",2014-03-20,2025-06-25
2015-0292-VNM,No,nat-hyd-flo-fla,Natural,Hydrological,Flood,Flash flood,DFO:4280|GLIDE:FL-2015-000098,,VNM,Viet Nam,South-eastern Asia,Asia,Quang Ninh province,Torrential rain,"Slide (land, mud, snow, rock)",No,No,No,,24336.74,Km2,20.8137,106.86,,2015,7,25,2015,8,5,32,,15000,,15000,,,,,204000,269991,75.55797677,"[{""adm1_code"":3375,""adm1_name"":""Quang Ninh""}]",2015-07-28,2025-06-25
2015-0460-VNM,No,nat-hyd-flo-flo,Natural,Hydrological,Flood,Flood (General),DFO:4293,,VNM,Viet Nam,South-eastern Asia,Asia,"Minh Tien village (Vi Xuyen district, Ha Giang province), Khanh Hoa, Cao Bang, Lai Chau, Dong Na, Lam Dong, Binh Thuan, An Giang, Dong Thap provinces",Torrential rains,,No,No,No,,192886.73,Km2,20.567,104.762,,2015,9,7,2015,9,11,2,,100,,100,,,,,,,75.55797677,"[{""adm1_code"":3326,""adm1_name"":""An Giang""},{""adm1_code"":3336,""adm1_name"":""Binh Thuan""},{""adm1_code"":3338,""adm1_name"":""Cao Bang""},{""adm1_code"":3342,""adm1_name"":""Dong Nai""},{""adm1_code"":3343,""adm1_name"":""Dong Thap""},{""adm1_code"":3355,""adm1_name"":""Khanh Hoa""},{""adm1_code"":3359,""adm1_name"":""Lam Dong""},{""adm1_code"":73938,""adm1_name"":""Lai Chau""},{""adm2_code"":32321,""adm2_name"":""Vi Xuyen""}]",2015-10-14,2023-09-25
2016-0400-VNM,No,nat-hyd-flo-riv,Natural,Hydrological,Flood,Riverine flood,DFO:4410|GLIDE:TC-2016-000111,,VNM,Viet Nam,South-eastern Asia,Asia,"Quang Binh (Minh Hoa, Tuyen Hoa), Ha Tinh (Huong Khe), Nghe An, Quang Tri (Vinh Linh, Hai Lang, Trieu Phong), Thua Thien Hue provinces",Monsoonal rains,,No,No,No,,63641.54,Km2,16.004,107.68,,2016,10,9,2016,10,16,35,30,659390,195,659615,,,,,104280,136294,76.5112162,"[{""adm1_code"":3349,""adm1_name"":""Ha Tinh""},{""adm1_code"":3366,""adm1_name"":""Nghe An""},{""adm1_code"":3371,""adm1_name"":""Quang Binh""},{""adm1_code"":3376,""adm1_name"":""Quang Tri""},{""adm1_code"":3383,""adm1_name"":""Thua Thien - Hue""}]",2016-11-18,2023-09-25
2016-0497-VNM,No,nat-hyd-flo-flo,Natural,Hydrological,Flood,Flood (General),DFO:4429|GLIDE:FL-2016-000133-VNM,,VNM,Viet Nam,South-eastern Asia,Asia,"Thua Thien - Hue, Quang Nam, Quang Ngai, Binh Dinh provinces",Heavy rains,,No,No,No,,44341.22,Km2,,,,2016,12,12,2016,12,20,27,16,559255,2850,562121,,,,,35000,45745,76.5112162,"[{""adm1_code"":3333,""adm1_name"":""Binh Dinh""},{""adm1_code"":3372,""adm1_name"":""Quang Nam""},{""adm1_code"":3374,""adm1_name"":""Quang Ngai""},{""adm1_code"":3383,""adm1_name"":""Thua Thien - Hue""}]",2016-12-20,2023-09-25
2016-0517-VNM,No,nat-hyd-flo-flo,Natural,Hydrological,Flood,Flood (General),,,VNM,Viet Nam,South-eastern Asia,Asia,"Ha Tinh (Huong Khe, Huong Son, Vu Quang, Cam Xuyen, Duc Tho), Quang Binh (Bo Trach, Quang Trach (Ba Don), Tuyen Hoan, Le Thuy, Minh Hoa), Quang Tri (Vinh Linh, Hai Lang, Trieu Phong, Cam Lo); Quang Ngai, Gia Lai, Dak Lak, Binh Dinh, Phu Yen, Khanh Hoa, Ninh Thuan",,,No,No,No,,,Km2,,,,2016,10,30,2016,11,5,21,,205205,1135,206340,,,,,22000,28754,76.5112162,"[{""adm1_code"":3333,""adm1_name"":""Binh Dinh""},{""adm1_code"":3344,""adm1_name"":""Gia Lai""},{""adm1_code"":3355,""adm1_name"":""Khanh Hoa""},{""adm1_code"":3368,""adm1_name"":""Ninh Thuan""},{""adm1_code"":3370,""adm1_name"":""Phu Yen""},{""adm1_code"":3374,""adm1_name"":""Quang Ngai""},{""adm1_code"":73934,""adm1_name"":""Dak Lak""},{""adm2_code"":32346,""adm2_name"":""Cam Xuyen""},{""adm2_code"":74075,""adm2_name"":""Duc Tho""},{""adm2_code"":74078,""adm2_name"":""Huong Khe""},{""adm2_code"":74079,""adm2_name"":""Huong Son""},{""adm2_code"":74080,""adm2_name"":""Vu Quang""},{""adm2_code"":32511,""adm2_name"":""Bo Trach""},{""adm2_code"":32513,""adm2_name"":""Le Thuy""},{""adm2_code"":32514,""adm2_name"":""Minh Hoa""},{""adm2_code"":32516,""adm2_name"":""Quang Trach""},{""adm2_code"":32517,""adm2_name"":""Tuyen Hoa""},{""adm2_code"":74197,""adm2_name"":""Cam Lo""},{""adm2_code"":74200,""adm2_name"":""Hai Lang""},{""adm2_code"":74202,""adm2_name"":""Trieu Phong""},{""adm2_code"":74203,""adm2_name"":""Vinh Linh""}]",2017-01-05,2024-04-09
2016-0573-VNM,No,nat-hyd-flo-flo,Natural,Hydrological,Flood,Flood (General),,,VNM,Viet Nam,South-eastern Asia,Asia,"Thanh Hóa, Lào Cai, Yên Bái, Bac Kan, Dien Bien, Ha Thin, Son La, Thai Nguyen",Torrential rainfall,"Slide (land, mud, snow, rock)",No,No,No,,,Km2,,,,2016,8,12,2016,8,14,8,4,410,95,509,,,,,,,76.5112162,"[{""adm1_code"":3328,""adm1_name"":""Bac Kan""},{""adm1_code"":3349,""adm1_name"":""Ha Tinh""},{""adm1_code"":3378,""adm1_name"":""Son La""},{""adm1_code"":3381,""adm1_name"":""Thai Nguyen""},{""adm1_code"":3382,""adm1_name"":""Thanh Hoa""},{""adm1_code"":3390,""adm1_name"":""Yen Bai""},{""adm1_code"":73936,""adm1_name"":""Dien Bien""},{""adm1_code"":73939,""adm1_name"":""Lao Cai""}]",2017-05-31,2023-09-25
2017-0259-VNM,No,nat-hyd-flo-flo,Natural,Hydrological,Flood,Flood (General),,,VNM,Viet Nam,South-eastern Asia,Asia,"Ha Giang, Lao Cai, Dien Bien, Yen Bai (Mu Cang Chai district), Tuyen Quang, Thai Nguyen, Lai Chau, Bac Kan, Cao Bang (Hoa An district), Binh Thuan, An Giang, Cà Mau (Nam Can, Ngoc Hien and Dam Doi districts) Provinces",,"Slide (land, mud, snow, rock)",No,No,No,,,Km2,,,,2017,6,27,2017,7,5,1,4,4100,,4104,,,,,355,454,78.14100176,"[{""adm1_code"":3326,""adm1_name"":""An Giang""},{""adm1_code"":3328,""adm1_name"":""Bac Kan""},{""adm1_code"":3336,""adm1_name"":""Binh Thuan""},{""adm1_code"":3338,""adm1_name"":""Cao Bang""},{""adm1_code"":3339,""adm1_name"":""Ca Mau""},{""adm1_code"":3345,""adm1_name"":""Ha Giang""},{""adm1_code"":3381,""adm1_name"":""Thai Nguyen""},{""adm1_code"":3387,""adm1_name"":""Tuyen Quang""},{""adm1_code"":3390,""adm1_name"":""Yen Bai""},{""adm1_code"":73936,""adm1_name"":""Dien Bien""},{""adm1_code"":73938,""adm1_name"":""Lai Chau""},{""adm1_code"":73939,""adm1_name"":""Lao Cai""}]",2017-07-18,2023-09-25
2017-0270-VNM,No,nat-hyd-flo-flo,Natural,Hydrological,Flood,Flood (General),,,VNM,Viet Nam,South-eastern Asia,Asia,"Thai Nguyen, Ha Giang, Dien Bien, Hoa Binh, Cao Bang",Heavy rainfall,"Slide (land, mud, snow, rock)",No,No,No,,,Km2,,,,2017,7,7,2017,7,10,14,,400,,400,,,,,1300,1664,78.14100176,"[{""adm1_code"":3338,""adm1_name"":""Cao Bang""},{""adm1_code"":3345,""adm1_name"":""Ha Giang""},{""adm1_code"":3353,""adm1_name"":""Hoa Binh""},{""adm1_code"":3381,""adm1_name"":""Thai Nguyen""},{""adm1_code"":73936,""adm1_name"":""Dien Bien""}]",2017-07-18,2023-09-25
2017-0337-VNM,No,nat-hyd-flo-fla,Natural,Hydrological,Flood,Flash flood,GLIDE:FF-2017-000101,,VNM,Viet Nam,South-eastern Asia,Asia,"Yen Bai (Mu Cang Chai district), Son La (Muong La), Bac Kan, Lai Chau (Nam-Ho Dien Bien district), Dien Bien",,"Slide (land, mud, snow, rock)",No,No,No,,,Km2,,,Da river,2017,8,3,2017,8,3,39,21,3000,1140,4161,,,,,88000,112617,78.14100176,"[{""adm1_code"":3328,""adm1_name"":""Bac Kan""},{""adm1_code"":3378,""adm1_name"":""Son La""},{""adm1_code"":3390,""adm1_name"":""Yen Bai""},{""adm1_code"":73936,""adm1_name"":""Dien Bien""},{""adm1_code"":73938,""adm1_name"":""Lai Chau""}]",2017-08-16,2025-06-25
2017-0428-VNM,No,nat-hyd-flo-flo,Natural,Hydrological,Flood,Flood (General),GLIDE:FF-2017-000152,,VNM,Viet Nam,South-eastern Asia,Asia,"Thanh Hoa, Nghe An, Ha Tinh, Hoa Binh, Yen Bai (V?n Tr?n, Tr?m T?u districts, Ngh?a L? Town), Son La, Quang Tri, Ha Noi (Nam Hai, Chong My), Phu Tho, Ha Nam",Tropical Depression 23W,"Slide (land, mud, snow, rock)",No,No,No,,,Km2,,,"Mã, La, Ngàn Sâu, and Ngàn Ph? Rivers",2017,10,8,2017,10,16,75,38,40000,,40038,,,,,88000,112617,78.14100176,"[{""adm1_code"":3346,""adm1_name"":""Ha Nam""},{""adm1_code"":3347,""adm1_name"":""Ha Noi City""},{""adm1_code"":3349,""adm1_name"":""Ha Tinh""},{""adm1_code"":3353,""adm1_name"":""Hoa Binh""},{""adm1_code"":3366,""adm1_name"":""Nghe An""},{""adm1_code"":3369,""adm1_name"":""Phu Tho""},{""adm1_code"":3376,""adm1_name"":""Quang Tri""},{""adm1_code"":3378,""adm1_name"":""Son La""},{""adm1_code"":3382,""adm1_name"":""Thanh Hoa""},{""adm1_code"":3390,""adm1_name"":""Yen Bai""}]",2017-11-06,2023-09-25
2017-0492-VNM,No,nat-hyd-flo-flo,Natural,Hydrological,Flood,Flood (General),DFO:4541,,VNM,Viet Nam,South-eastern Asia,Asia,"Quang Tri, Thua Thien-Hue, Da Nang, Quang Nam, Quang Ngai, Binh Dinh",Tropical depression,,No,No,No,,27646.32,Km2,11.664,108.399,Cu De River,2017,11,19,2017,11,24,8,,41500,,41500,,,,,,,78.14100176,"[{""adm1_code"":3333,""adm1_name"":""Binh Dinh""},{""adm1_code"":3340,""adm1_name"":""Da Nang City""},{""adm1_code"":3372,""adm1_name"":""Quang Nam""},{""adm1_code"":3374,""adm1_name"":""Quang Ngai""},{""adm1_code"":3376,""adm1_name"":""Quang Tri""},{""adm1_code"":3383,""adm1_name"":""Thua Thien - Hue""}]",2017-11-28,2023-09-25
2018-0204-VNM,No,nat-hyd-flo-fla,Natural,Hydrological,Flood,Flash flood,,,VNM,Viet Nam,South-eastern Asia,Asia,Lai Chau,,"Slide (land, mud, snow, rock)",No,No,No,,,Km2,,,,2018,6,23,2018,6,27,33,18,16710,,16728,,,,,23000,28732,80.04959626,"[{""adm1_code"":73938,""adm1_name"":""Lai Chau""}]",2018-07-19,2023-09-25
2018-0369-VNM,No,nat-hyd-flo-flo,Natural,Hydrological,Flood,Flood (General),,,VNM,Viet Nam,South-eastern Asia,Asia,Northern provinces,Heavy rains,"Slide (land, mud, snow, rock)",No,No,No,,,Km2,,,,2018,8,29,2018,9,5,20,,6000,,6000,,,,,,,80.04959626,"[{""adm1_code"":3328,""adm1_name"":""Bac Kan""},{""adm1_code"":3329,""adm1_name"":""Bac Giang""},{""adm1_code"":3331,""adm1_name"":""Bac Ninh""},{""adm1_code"":3338,""adm1_name"":""Cao Bang""},{""adm1_code"":3345,""adm1_name"":""Ha Giang""},{""adm1_code"":3346,""adm1_name"":""Ha Nam""},{""adm1_code"":3347,""adm1_name"":""Ha Noi City""},{""adm1_code"":3350,""adm1_name"":""Hai Duong""},{""adm1_code"":3351,""adm1_name"":""Hai Phong City""},{""adm1_code"":3353,""adm1_name"":""Hoa Binh""},{""adm1_code"":3354,""adm1_name"":""Hung Yen""},{""adm1_code"":3360,""adm1_name"":""Lang Son""},{""adm1_code"":3364,""adm1_name"":""Nam Dinh""},{""adm1_code"":3367,""adm1_name"":""Ninh Binh""},{""adm1_code"":3369,""adm1_name"":""Phu Tho""},{""adm1_code"":3375,""adm1_name"":""Quang Ninh""},{""adm1_code"":3378,""adm1_name"":""Son La""},{""adm1_code"":3380,""adm1_name"":""Thai Binh""},{""adm1_code"":3381,""adm1_name"":""Thai Nguyen""},{""adm1_code"":3387,""adm1_name"":""Tuyen Quang""},{""adm1_code"":3389,""adm1_name"":""Vinh Phuc""},{""adm1_code"":3390,""adm1_name"":""Yen Bai""},{""adm1_code"":73936,""adm1_name"":""Dien Bien""},{""adm1_code"":73938,""adm1_name"":""Lai Chau""},{""adm1_code"":73939,""adm1_name"":""Lao Cai""}]",2018-10-11,2024-04-10
2018-0448-VNM,No,nat-hyd-flo-fla,Natural,Hydrological,Flood,Flash flood,,,VNM,Viet Nam,South-eastern Asia,Asia,"Thanh Hoa, Binh Dinh, Nghe An, Quang Tri, Quang Ngai, Quang Nam, Da Nang",Heavy rains,,No,No,No,,,Km2,,,,2018,12,8,2018,12,10,14,,105000,,105000,,,,,25000,31231,80.04959626,"[{""adm1_code"":3333,""adm1_name"":""Binh Dinh""},{""adm1_code"":3340,""adm1_name"":""Da Nang City""},{""adm1_code"":3366,""adm1_name"":""Nghe An""},{""adm1_code"":3372,""adm1_name"":""Quang Nam""},{""adm1_code"":3374,""adm1_name"":""Quang Ngai""},{""adm1_code"":3376,""adm1_name"":""Quang Tri""},{""adm1_code"":3382,""adm1_name"":""Thanh Hoa""}]",2018-12-11,2023-09-25
2019-0265-VNM,No,nat-hyd-flo-flo,Natural,Hydrological,Flood,Flood (General),,,VNM,Viet Nam,South-eastern Asia,Asia,"Ha Giang, Bac Kan, Cao Bang and Yen Bai Provinces",Heavy rains,"Slide (land, mud, snow, rock)",No,No,No,,,Km2,,,,2019,5,27,2019,5,30,3,,,265,265,,,,,,,81.50030941,"[{""adm1_code"":3328,""adm1_name"":""Bac Kan""},{""adm1_code"":3338,""adm1_name"":""Cao Bang""},{""adm1_code"":3345,""adm1_name"":""Ha Giang""},{""adm1_code"":3390,""adm1_name"":""Yen Bai""}]",2019-06-20,2023-09-25
2019-0380-VNM,No,nat-hyd-flo-fla,Natural,Hydrological,Flood,Flash flood,,,VNM,Viet Nam,South-eastern Asia,Asia,"Quang Ninh, Lang Son, Thanh Hóa",Tropical Cyclone Wipha,"Slide (land, mud, snow, rock)",No,No,No,,,Km2,,,,2019,8,5,2019,8,5,19,,1000,500,1500,,,,,45000,55215,81.50030941,"[{""adm1_code"":3360,""adm1_name"":""Lang Son""},{""adm1_code"":3375,""adm1_name"":""Quang Ninh""},{""adm1_code"":3382,""adm1_name"":""Thanh Hoa""}]",2019-08-05,2024-08-27
2019-0393-VNM,No,nat-hyd-flo-flo,Natural,Hydrological,Flood,Flood (General),GLIDE:FL-2019-000092,,VNM,Viet Nam,South-eastern Asia,Asia,"Kien Giang, Lam Dong, Dak Lak, Dac Nong, Gia Lai, Kon Tum, Dong Nai, Binh Thuan, Binh Phuoc",Torrential rains,,No,No,No,,,Km2,,,,2019,8,8,2019,8,10,12,5,61535,,61540,,,,,,,81.50030941,"[{""adm1_code"":3335,""adm1_name"":""Binh Phuoc""},{""adm1_code"":3336,""adm1_name"":""Binh Thuan""},{""adm1_code"":3342,""adm1_name"":""Dong Nai""},{""adm1_code"":3344,""adm1_name"":""Gia Lai""},{""adm1_code"":3356,""adm1_name"":""Kien Giang""},{""adm1_code"":3357,""adm1_name"":""Kon Tum""},{""adm1_code"":3359,""adm1_name"":""Lam Dong""},{""adm1_code"":73934,""adm1_name"":""Dak Lak""},{""adm1_code"":73935,""adm1_name"":""Dak Nong""}]",2019-08-27,2025-06-25
2019-0419-VNM,No,nat-hyd-flo-flo,Natural,Hydrological,Flood,Flood (General),,,VNM,Viet Nam,South-eastern Asia,Asia,"Quang Binh, Ha Tinh and Lao Cai provinces.",Tropical Storm PODUL and Tropical Depression KAJIKI's,,No,No,No,,,Km2,,,,2019,9,11,2019,9,11,10,,36450,,36450,,,,,13000,15951,81.50030941,"[{""adm1_code"":3349,""adm1_name"":""Ha Tinh""},{""adm1_code"":3371,""adm1_name"":""Quang Binh""},{""adm1_code"":73939,""adm1_name"":""Lao Cai""}]",2019-09-20,2023-09-25
2019-0482-VNM,No,nat-hyd-flo-flo,Natural,Hydrological,Flood,Flood (General),,,VNM,Viet Nam,South-eastern Asia,Asia,"Nghe An, Bình Dinh, Hà Tinh Provinces",Heavy rains,"Slide (land, mud, snow, rock)",No,No,No,,,Km2,,,,2019,10,15,2019,10,22,3,5,26250,,26255,,,,,,,81.50030941,"[{""adm1_code"":3333,""adm1_name"":""Binh Dinh""},{""adm1_code"":3349,""adm1_name"":""Ha Tinh""},{""adm1_code"":3366,""adm1_name"":""Nghe An""}]",2019-10-22,2023-09-25
2020-0328-VNM,No,nat-hyd-flo-fla,Natural,Hydrological,Flood,Flash flood,,,VNM,Viet Nam,South-eastern Asia,Asia,"Ha Giang, Bac Giang provinces",Heavy rains,"Slide (land, mud, snow, rock)",No,No,No,,,Km2,,,,2020,7,18,2020,7,21,5,1,2620,,2621,,,,,22000,26665,82.50568385,"[{""adm1_code"":3329,""adm1_name"":""Bac Giang""},{""adm1_code"":3345,""adm1_name"":""Ha Giang""}]",2020-08-10,2023-09-25
2021-0217-VNM,No,nat-hyd-flo-fla,Natural,Hydrological,Flood,Flash flood,,,VNM,Viet Nam,South-eastern Asia,Asia,"Minh Luong Commune, Viet Tien (Van Ban District, Lao Cai province); Bac Quang (Ha Giang province); Tan Dong (Yen Bai Province), Ha Giang Province",Heay rains,,No,No,No,,,Km2,,,,2021,4,16,2021,4,19,3,,180,,180,,,,,,,86.38165694,"[{""adm1_code"":3345,""adm1_name"":""Ha Giang""},{""adm2_code"":32671,""adm2_name"":""Tran Yen""},{""adm2_code"":32447,""adm2_name"":""Van Ban""}]",2021-04-19,2023-09-25
2021-0632-VNM,No,nat-hyd-flo-flo,Natural,Hydrological,Flood,Flood (General),,,VNM,Viet Nam,South-eastern Asia,Asia,Northern and central regions  (include Quang Ngai),"Heavy rains, tropical cyclone DIANMU","Slide (land, mud, snow, rock)",No,No,No,,,Km2,,,,2021,9,23,2021,9,27,3,3,13600,,13603,,,,,,,86.38165694,"[{""adm1_code"":3328,""adm1_name"":""Bac Kan""},{""adm1_code"":3329,""adm1_name"":""Bac Giang""},{""adm1_code"":3331,""adm1_name"":""Bac Ninh""},{""adm1_code"":3333,""adm1_name"":""Binh Dinh""},{""adm1_code"":3336,""adm1_name"":""Binh Thuan""},{""adm1_code"":3338,""adm1_name"":""Cao Bang""},{""adm1_code"":3340,""adm1_name"":""Da Nang City""},{""adm1_code"":3344,""adm1_name"":""Gia Lai""},{""adm1_code"":3345,""adm1_name"":""Ha Giang""},{""adm1_code"":3346,""adm1_name"":""Ha Nam""},{""adm1_code"":3347,""adm1_name"":""Ha Noi City""},{""adm1_code"":3349,""adm1_name"":""Ha Tinh""},{""adm1_code"":3350,""adm1_name"":""Hai Duong""},{""adm1_code"":3351,""adm1_name"":""Hai Phong City""},{""adm1_code"":3353,""adm1_name"":""Hoa Binh""},{""adm1_code"":3354,""adm1_name"":""Hung Yen""},{""adm1_code"":3355,""adm1_name"":""Khanh Hoa""},{""adm1_code"":3357,""adm1_name"":""Kon Tum""},{""adm1_code"":3359,""adm1_name"":""Lam Dong""},{""adm1_code"":3360,""adm1_name"":""Lang Son""},{""adm1_code"":3364,""adm1_name"":""Nam Dinh""},{""adm1_code"":3366,""adm1_name"":""Nghe An""},{""adm1_code"":3367,""adm1_name"":""Ninh Binh""},{""adm1_code"":3368,""adm1_name"":""Ninh Thuan""},{""adm1_code"":3369,""adm1_name"":""Phu Tho""},{""adm1_code"":3370,""adm1_name"":""Phu Yen""},{""adm1_code"":3371,""adm1_name"":""Quang Binh""},{""adm1_code"":3372,""adm1_name"":""Quang Nam""},{""adm1_code"":3374,""adm1_name"":""Quang Ngai""},{""adm1_code"":3375,""adm1_name"":""Quang Ninh""},{""adm1_code"":3376,""adm1_name"":""Quang Tri""},{""adm1_code"":3378,""adm1_name"":""Son La""},{""adm1_code"":3380,""adm1_name"":""Thai Binh""},{""adm1_code"":3381,""adm1_name"":""Thai Nguyen""},{""adm1_code"":3382,""adm1_name"":""Thanh Hoa""},{""adm1_code"":3383,""adm1_name"":""Thua Thien - Hue""},{""adm1_code"":3387,""adm1_name"":""Tuyen Quang""},{""adm1_code"":3389,""adm1_name"":""Vinh Phuc""},{""adm1_code"":3390,""adm1_name"":""Yen Bai""},{""adm1_code"":73934,""adm1_name"":""Dak Lak""},{""adm1_code"":73935,""adm1_name"":""Dak Nong""},{""adm1_code"":73936,""adm1_name"":""Dien Bien""},{""adm1_code"":73938,""adm1_name"":""Lai Chau""},{""adm1_code"":73939,""adm1_name"":""Lao Cai""}]",2021-09-29,2024-04-23
2021-0763-VNM,No,nat-hyd-flo-flo,Natural,Hydrological,Flood,Flood (General),,,VNM,Viet Nam,South-eastern Asia,Asia,"Quang Nam, Quang Ngai, Binh Dinh, Dak Lak, Kon Tum, Phu Yen Provinces",Heavy rains,"Slide (land, mud, snow, rock)",No,No,No,,,Km2,,,,2021,11,27,2021,11,30,18,,300000,,300000,,,,,,,86.38165694,"[{""adm1_code"":3333,""adm1_name"":""Binh Dinh""},{""adm1_code"":3357,""adm1_name"":""Kon Tum""},{""adm1_code"":3370,""adm1_name"":""Phu Yen""},{""adm1_code"":3372,""adm1_name"":""Quang Nam""},{""adm1_code"":3374,""adm1_name"":""Quang Ngai""},{""adm1_code"":73934,""adm1_name"":""Dak Lak""}]",2021-11-30,2023-09-25
2022-0172-VNM,No,nat-hyd-flo-flo,Natural,Hydrological,Flood,Flood (General),,,VNM,Viet Nam,South-eastern Asia,Asia,"Tuyen Quang,Bac Kan and Cao Bang provinces",,"Slide (land, mud, snow, rock)",No,No,No,,,Km2,,,,2022,3,22,2022,3,23,,1,225,,226,,,,,,,93.29460735,"[{""adm1_code"":3328,""adm1_name"":""Bac Kan""},{""adm1_code"":3338,""adm1_name"":""Cao Bang""},{""adm1_code"":3387,""adm1_name"":""Tuyen Quang""}]",2022-03-25,2023-09-25
2022-0320-VNM,No,nat-hyd-flo-flo,Natural,Hydrological,Flood,Flood (General),,,VNM,Viet Nam,South-eastern Asia,Asia,"Tuyen Quang, Hoa Binh, Dien Bien, Cao Bang, Vinh Phuc, Ha Giang, Yen Bai, Lao Cai, Thai Nguyen, Phu Tho, and Hanoi",Heavy rains,"Slide (land, mud, snow, rock)",No,No,No,,,Km2,,,,2022,5,21,2022,5,30,13,4,2550,,2554,,,,,,,93.29460735,"[{""adm1_code"":3338,""adm1_name"":""Cao Bang""},{""adm1_code"":3345,""adm1_name"":""Ha Giang""},{""adm1_code"":3353,""adm1_name"":""Hoa Binh""},{""adm1_code"":3369,""adm1_name"":""Phu Tho""},{""adm1_code"":3370,""adm1_name"":""Phu Yen""},{""adm1_code"":3381,""adm1_name"":""Thai Nguyen""},{""adm1_code"":3387,""adm1_name"":""Tuyen Quang""},{""adm1_code"":3389,""adm1_name"":""Vinh Phuc""},{""adm1_code"":3390,""adm1_name"":""Yen Bai""},{""adm1_code"":73936,""adm1_name"":""Dien Bien""}]",2022-05-30,2023-09-26
2022-0515-VNM,No,nat-hyd-flo-flo,Natural,Hydrological,Flood,Flood (General),GLIDE:FL-2022-000292,,VNM,Viet Nam,South-eastern Asia,Asia,Dak Lak,"Heavy rains, Tropical Depression Mulan",,No,No,No,,,Km2,,,,2022,8,14,2022,8,16,10,,,,,,,,,,,93.29460735,"[{""adm1_code"":73934,""adm1_name"":""Dak Lak""}]",2022-08-16,2023-09-26
2022-0667-VNM,No,nat-hyd-flo-flo,Natural,Hydrological,Flood,Flood (General),,,VNM,Viet Nam,South-eastern Asia,Asia,"Nghia Hanh and Duc Pho Districts (Quang Ngai province); Quang Nam,Thua Thien Hue",Heavy rains,"Slide (land, mud, snow, rock)",No,No,No,,,Km2,,,,2022,10,10,2022,10,11,2,,10000,,10000,,,,,,,93.29460735,"[{""adm1_code"":3372,""adm1_name"":""Quang Nam""},{""adm1_code"":3383,""adm1_name"":""Thua Thien - Hue""},{""adm2_code"":32533,""adm2_name"":""Duc Pho""},{""adm2_code"":32536,""adm2_name"":""Nghia Hanh""}]",2022-10-13,2023-09-26
2022-0795-VNM,No,nat-hyd-flo-flo,Natural,Hydrological,Flood,Flood (General),,,VNM,Viet Nam,South-eastern Asia,Asia,"Quang Nam, Quang Tri, Phu Yen, Phu Loc district (Thua Thien Hue) provinces",Heavy rains,"Slide (land, mud, snow, rock)",No,No,No,,,Km2,,,,2022,12,1,2022,12,4,5,,10495,,10495,,,,,1500,1608,93.29460735,"[{""adm1_code"":3370,""adm1_name"":""Phu Yen""},{""adm1_code"":3372,""adm1_name"":""Quang Nam""},{""adm1_code"":3376,""adm1_name"":""Quang Tri""},{""adm2_code"":32626,""adm2_name"":""Phu Loc""}]",2022-12-08,2023-09-26
2023-0263-VNM,No,nat-hyd-flo-flo,Natural,Hydrological,Flood,Flood (General),,,VNM,Viet Nam,South-eastern Asia,Asia,"Cao Bang, Lao Cai, Yen Bai, Phu Tho, Dien Bien, Tuyen Quang, and Thai Nguyen provinces",Heavy rains,Hail|Lightening,No,No,No,,,Km2,,,,2023,4,28,2023,4,30,,,6540,,6540,,,,,,,97.13499264,,2023-05-02,2024-02-28
2023-0488-VNM,No,nat-hyd-flo-flo,Natural,Hydrological,Flood,Flood (General),,,VNM,Viet Nam,South-eastern Asia,Asia,"Lam Dong Province (central Vietnam), Binh Thuan Province (south-eastern Vietnam) and Bac Lieu Province (southern Vietnam)",,"Slide (land, mud, snow, rock)|Storm",No,No,No,,,Km2,,,,2023,7,30,2023,7,31,7,,1730,445,2175,,,,,,,97.13499264,,2023-07-31,2024-02-28
2023-0518-VNM,No,nat-hyd-flo-fla,Natural,Hydrological,Flood,Flash flood,GLIDE:FF-2023-000136,,VNM,Viet Nam,South-eastern Asia,Asia,"Lai Chau, Yen Bai, Son La, Lao Cai, Dien Bien, Thai Nguyen, Gia Lai, Dak Lak, Dak Nong, and Lam Dong provinces",Heavy rains,"Slide (land, mud, snow, rock)",No,No,No,,,Km2,,,,2023,8,4,2023,8,7,15,8,214527,,214535,,,,,,,97.13499264,,2023-08-09,2024-08-27
2023-0635-VNM,No,nat-hyd-flo-flo,Natural,Hydrological,Flood,Flood (General),,,VNM,Viet Nam,South-eastern Asia,Asia,"Yen Bai, Thai Nguyen et Tuyen Quang provinces",Heavy rains,"Slide (land, mud, snow, rock)",No,No,No,,,Km2,,,,2023,10,6,2023,10,7,2,,1900,,1900,,,,,,,97.13499264,,2023-10-09,2024-10-28
2024-0358-VNM,No,nat-hyd-flo-flo,Natural,Hydrological,Flood,Flood (General),,,VNM,Viet Nam,South-eastern Asia,Asia,"Dien Bien, Lao Cai, Ha Giang, Yen Bai, Cao Bang, Lang Son, Thai Nguyen, Bac Giang, Quang Ninh and Hai Phong",Heavy rains,"Slide (land, mud, snow, rock)",No,No,No,,,Km2,,,,2024,6,9,2024,6,10,3,,9628,,9628,,,,,,,100,,2024-06-12,2024-06-14
